Date,Weekly Jobs Claims
1967-01-07,"208,000"
1967-01-14,"207,000"
1967-01-21,"217,000"
1967-01-28,"204,000"
1967-02-04,"216,000"
1967-02-11,"229,000"
1967-02-18,"229,000"
1967-02-25,"242,000"
1967-03-04,"310,000"
1967-03-11,"241,000"
1967-03-18,"245,000"
1967-03-25,"247,000"
1967-04-01,"259,000"
1967-04-08,"257,000"
1967-04-15,"299,000"
1967-04-22,"245,000"
1967-04-29,"255,000"
1967-05-06,"254,000"
1967-05-13,"231,000"
1967-05-20,"230,000"
1967-05-27,"228,000"
1967-06-03,"248,000"
1967-06-10,"238,000"
1967-06-17,"224,000"
1967-06-24,"218,000"
1967-07-01,"209,000"
1967-07-08,"240,000"
1967-07-15,"241,000"
1967-07-22,"240,000"
1967-07-29,"209,000"
1967-08-05,"221,000"
1967-08-12,"202,000"
1967-08-19,"215,000"
1967-08-26,"213,000"
1967-09-02,"218,000"
1967-09-09,"231,000"
1967-09-16,"220,000"
1967-09-23,"209,000"
1967-09-30,"204,000"
1967-10-07,"231,000"
1967-10-14,"206,000"
1967-10-21,"223,000"
1967-10-28,"207,000"
1967-11-04,"222,000"
1967-11-11,"214,000"
1967-11-18,"198,000"
1967-11-25,"191,000"
1967-12-02,"196,000"
1967-12-09,"221,000"
1967-12-16,"204,000"
1967-12-23,"219,000"
1967-12-30,"216,000"
1968-01-06,"222,000"
1968-01-13,"222,000"
1968-01-20,"221,000"
1968-01-27,"198,000"
1968-02-03,"244,000"
1968-02-10,"210,000"
1968-02-17,"196,000"
1968-02-24,"193,000"
1968-03-02,"190,000"
1968-03-09,"204,000"
1968-03-16,"190,000"
1968-03-23,"200,000"
1968-03-30,"192,000"
1968-04-06,"191,000"
1968-04-13,"171,000"
1968-04-20,"183,000"
1968-04-27,"251,000"
1968-05-04,"209,000"
1968-05-11,"194,000"
1968-05-18,"199,000"
1968-05-25,"194,000"
1968-06-01,"199,000"
1968-06-08,"192,000"
1968-06-15,"194,000"
1968-06-22,"189,000"
1968-06-29,"194,000"
1968-07-06,"214,000"
1968-07-13,"186,000"
1968-07-20,"180,000"
1968-07-27,"205,000"
1968-08-03,"206,000"
1968-08-10,"218,000"
1968-08-17,"192,000"
1968-08-24,"193,000"
1968-08-31,"188,000"
1968-09-07,"189,000"
1968-09-14,"195,000"
1968-09-21,"191,000"
1968-09-28,"189,000"
1968-10-05,"185,000"
1968-10-12,"186,000"
1968-10-19,"191,000"
1968-10-26,"182,000"
1968-11-02,"181,000"
1968-11-09,"183,000"
1968-11-16,"192,000"
1968-11-23,"199,000"
1968-11-30,"162,000"
1968-12-07,"188,000"
1968-12-14,"195,000"
1968-12-21,"192,000"
1968-12-28,"223,000"
1969-01-04,"190,000"
1969-01-11,"191,000"
1969-01-18,"192,000"
1969-01-25,"193,000"
1969-02-01,"203,000"
1969-02-08,"197,000"
1969-02-15,"192,000"
1969-02-22,"192,000"
1969-03-01,"201,000"
1969-03-08,"191,000"
1969-03-15,"189,000"
1969-03-22,"181,000"
1969-03-29,"183,000"
1969-04-05,"182,000"
1969-04-12,"190,000"
1969-04-19,"187,000"
1969-04-26,"177,000"
1969-05-03,"177,000"
1969-05-10,"183,000"
1969-05-17,"179,000"
1969-05-24,"180,000"
1969-05-31,"187,000"
1969-06-07,"192,000"
1969-06-14,"182,000"
1969-06-21,"191,000"
1969-06-28,"203,000"
1969-07-05,"227,000"
1969-07-12,"210,000"
1969-07-19,"206,000"
1969-07-26,"192,000"
1969-08-02,"196,000"
1969-08-09,"203,000"
1969-08-16,"199,000"
1969-08-23,"199,000"
1969-08-30,"195,000"
1969-09-06,"182,000"
1969-09-13,"209,000"
1969-09-20,"195,000"
1969-09-27,"193,000"
1969-10-04,"193,000"
1969-10-11,"200,000"
1969-10-18,"199,000"
1969-10-25,"205,000"
1969-11-01,"198,000"
1969-11-08,"211,000"
1969-11-15,"197,000"
1969-11-22,"217,000"
1969-11-29,"202,000"
1969-12-06,"202,000"
1969-12-13,"222,000"
1969-12-20,"232,000"
1969-12-27,"223,000"
1970-01-03,"230,000"
1970-01-10,"242,000"
1970-01-17,"268,000"
1970-01-24,"256,000"
1970-01-31,"239,000"
1970-02-07,"256,000"
1970-02-14,"265,000"
1970-02-21,"271,000"
1970-02-28,"242,000"
1970-03-07,"262,000"
1970-03-14,"271,000"
1970-03-21,"264,000"
1970-03-28,"276,000"
1970-04-04,"273,000"
1970-04-11,"305,000"
1970-04-18,"374,000"
1970-04-25,"349,000"
1970-05-02,"334,000"
1970-05-09,"318,000"
1970-05-16,"303,000"
1970-05-23,"296,000"
1970-05-30,"301,000"
1970-06-06,"301,000"
1970-06-13,"298,000"
1970-06-20,"296,000"
1970-06-27,"291,000"
1970-07-04,"277,000"
1970-07-11,"288,000"
1970-07-18,"294,000"
1970-07-25,"287,000"
1970-08-01,"261,000"
1970-08-08,"266,000"
1970-08-15,"300,000"
1970-08-22,"303,000"
1970-08-29,"297,000"
1970-09-05,"324,000"
1970-09-12,"292,000"
1970-09-19,"325,000"
1970-09-26,"333,000"
1970-10-03,"350,000"
1970-10-10,"327,000"
1970-10-17,"334,000"
1970-10-24,"330,000"
1970-10-31,"327,000"
1970-11-07,"336,000"
1970-11-14,"314,000"
1970-11-21,"314,000"
1970-11-28,"337,000"
1970-12-05,"308,000"
1970-12-12,"306,000"
1970-12-19,"289,000"
1970-12-26,"321,000"
1971-01-02,"303,000"
1971-01-09,"288,000"
1971-01-16,"299,000"
1971-01-23,"312,000"
1971-01-30,"292,000"
1971-02-06,"296,000"
1971-02-13,"282,000"
1971-02-20,"268,000"
1971-02-27,"290,000"
1971-03-06,"297,000"
1971-03-13,"287,000"
1971-03-20,"291,000"
1971-03-27,"300,000"
1971-04-03,"299,000"
1971-04-10,"279,000"
1971-04-17,"284,000"
1971-04-24,"288,000"
1971-05-01,"290,000"
1971-05-08,"293,000"
1971-05-15,"284,000"
1971-05-22,"295,000"
1971-05-29,"299,000"
1971-06-05,"301,000"
1971-06-12,"295,000"
1971-06-19,"299,000"
1971-06-26,"291,000"
1971-07-03,"277,000"
1971-07-10,"264,000"
1971-07-17,"313,000"
1971-07-24,"304,000"
1971-07-31,"308,000"
1971-08-07,"349,000"
1971-08-14,"325,000"
1971-08-21,"320,000"
1971-08-28,"307,000"
1971-09-04,"359,000"
1971-09-11,"312,000"
1971-09-18,"302,000"
1971-09-25,"308,000"
1971-10-02,"299,000"
1971-10-09,"313,000"
1971-10-16,"299,000"
1971-10-23,"294,000"
1971-10-30,"283,000"
1971-11-06,"301,000"
1971-11-13,"295,000"
1971-11-20,"274,000"
1971-11-27,"278,000"
1971-12-04,"299,000"
1971-12-11,"280,000"
1971-12-18,"269,000"
1971-12-25,"244,000"
1972-01-01,"279,000"
1972-01-08,"295,000"
1972-01-15,"250,000"
1972-01-22,"263,000"
1972-01-29,"269,000"
1972-02-05,"276,000"
1972-02-12,"266,000"
1972-02-19,"258,000"
1972-02-26,"254,000"
1972-03-04,"257,000"
1972-03-11,"264,000"
1972-03-18,"266,000"
1972-03-25,"264,000"
1972-04-01,"258,000"
1972-04-08,"274,000"
1972-04-15,"259,000"
1972-04-22,"259,000"
1972-04-29,"265,000"
1972-05-06,"271,000"
1972-05-13,"266,000"
1972-05-20,"267,000"
1972-05-27,"267,000"
1972-06-03,"264,000"
1972-06-10,"268,000"
1972-06-17,"275,000"
1972-06-24,"286,000"
1972-07-01,"350,000"
1972-07-08,"297,000"
1972-07-15,"318,000"
1972-07-22,"276,000"
1972-07-29,"247,000"
1972-08-05,"250,000"
1972-08-12,"246,000"
1972-08-19,"256,000"
1972-08-26,"262,000"
1972-09-02,"258,000"
1972-09-09,"259,000"
1972-09-16,"258,000"
1972-09-23,"255,000"
1972-09-30,"251,000"
1972-10-07,"263,000"
1972-10-14,"250,000"
1972-10-21,"257,000"
1972-10-28,"234,000"
1972-11-04,"255,000"
1972-11-11,"242,000"
1972-11-18,"271,000"
1972-11-25,"235,000"
1972-12-02,"226,000"
1972-12-09,"252,000"
1972-12-16,"263,000"
1972-12-23,"246,000"
1972-12-30,"225,000"
1973-01-06,"226,000"
1973-01-13,"245,000"
1973-01-20,"229,000"
1973-01-27,"214,000"
1973-02-03,"228,000"
1973-02-10,"226,000"
1973-02-17,"216,000"
1973-02-24,"218,000"
1973-03-03,"225,000"
1973-03-10,"229,000"
1973-03-17,"228,000"
1973-03-24,"232,000"
1973-03-31,"222,000"
1973-04-07,"247,000"
1973-04-14,"230,000"
1973-04-21,"243,000"
1973-04-28,"236,000"
1973-05-05,"248,000"
1973-05-12,"238,000"
1973-05-19,"237,000"
1973-05-26,"238,000"
1973-06-02,"232,000"
1973-06-09,"246,000"
1973-06-16,"237,000"
1973-06-23,"242,000"
1973-06-30,"237,000"
1973-07-07,"248,000"
1973-07-14,"232,000"
1973-07-21,"241,000"
1973-07-28,"250,000"
1973-08-04,"256,000"
1973-08-11,"265,000"
1973-08-18,"258,000"
1973-08-25,"254,000"
1973-09-01,"242,000"
1973-09-08,"252,000"
1973-09-15,"245,000"
1973-09-22,"246,000"
1973-09-29,"249,000"
1973-10-06,"236,000"
1973-10-13,"246,000"
1973-10-20,"249,000"
1973-10-27,"235,000"
1973-11-03,"246,000"
1973-11-10,"282,000"
1973-11-17,"254,000"
1973-11-24,"233,000"
1973-12-01,"256,000"
1973-12-08,"266,000"
1973-12-15,"272,000"
1973-12-22,"326,000"
1973-12-29,"300,000"
1974-01-05,"269,000"
1974-01-12,"340,000"
1974-01-19,"321,000"
1974-01-26,"291,000"
1974-02-02,"302,000"
1974-02-09,"369,000"
1974-02-16,"311,000"
1974-02-23,"292,000"
1974-03-02,"301,000"
1974-03-09,"305,000"
1974-03-16,"315,000"
1974-03-23,"314,000"
1974-03-30,"323,000"
1974-04-06,"296,000"
1974-04-13,"297,000"
1974-04-20,"296,000"
1974-04-27,"283,000"
1974-05-04,"287,000"
1974-05-11,"296,000"
1974-05-18,"298,000"
1974-05-25,"309,000"
1974-06-01,"278,000"
1974-06-08,"314,000"
1974-06-15,"303,000"
1974-06-22,"308,000"
1974-06-29,"325,000"
1974-07-06,"311,000"
1974-07-13,"304,000"
1974-07-20,"303,000"
1974-07-27,"320,000"
1974-08-03,"335,000"
1974-08-10,"347,000"
1974-08-17,"332,000"
1974-08-24,"343,000"
1974-08-31,"350,000"
1974-09-07,"350,000"
1974-09-14,"357,000"
1974-09-21,"370,000"
1974-09-28,"366,000"
1974-10-05,"371,000"
1974-10-12,"413,000"
1974-10-19,"389,000"
1974-10-26,"414,000"
1974-11-02,"406,000"
1974-11-09,"441,000"
1974-11-16,"449,000"
1974-11-23,"518,000"
1974-11-30,"474,000"
1974-12-07,"528,000"
1974-12-14,"510,000"
1974-12-21,"521,000"
1974-12-28,"537,000"
1975-01-04,"456,000"
1975-01-11,"554,000"
1975-01-18,"575,000"
1975-01-25,"555,000"
1975-02-01,"559,000"
1975-02-08,"545,000"
1975-02-15,"530,000"
1975-02-22,"544,000"
1975-03-01,"546,000"
1975-03-08,"551,000"
1975-03-15,"531,000"
1975-03-22,"550,000"
1975-03-29,"555,000"
1975-04-05,"537,000"
1975-04-12,"520,000"
1975-04-19,"531,000"
1975-04-26,"513,000"
1975-05-03,"505,000"
1975-05-10,"507,000"
1975-05-17,"514,000"
1975-05-24,"493,000"
1975-05-31,"475,000"
1975-06-07,"529,000"
1975-06-14,"497,000"
1975-06-21,"497,000"
1975-06-28,"459,000"
1975-07-05,"423,000"
1975-07-12,"446,000"
1975-07-19,"445,000"
1975-07-26,"454,000"
1975-08-02,"454,000"
1975-08-09,"459,000"
1975-08-16,"444,000"
1975-08-23,"457,000"
1975-08-30,"446,000"
1975-09-06,"447,000"
1975-09-13,"456,000"
1975-09-20,"433,000"
1975-09-27,"445,000"
1975-10-04,"426,000"
1975-10-11,"429,000"
1975-10-18,"404,000"
1975-10-25,"426,000"
1975-11-01,"414,000"
1975-11-08,"415,000"
1975-11-15,"386,000"
1975-11-22,"401,000"
1975-11-29,"387,000"
1975-12-06,"373,000"
1975-12-13,"368,000"
1975-12-20,"365,000"
1975-12-27,"391,000"
1976-01-03,"362,000"
1976-01-10,"402,000"
1976-01-17,"370,000"
1976-01-24,"363,000"
1976-01-31,"359,000"
1976-02-07,"353,000"
1976-02-14,"344,000"
1976-02-21,"347,000"
1976-02-28,"349,000"
1976-03-06,"348,000"
1976-03-13,"360,000"
1976-03-20,"368,000"
1976-03-27,"366,000"
1976-04-03,"380,000"
1976-04-10,"373,000"
1976-04-17,"361,000"
1976-04-24,"367,000"
1976-05-01,"385,000"
1976-05-08,"395,000"
1976-05-15,"382,000"
1976-05-22,"394,000"
1976-05-29,"402,000"
1976-06-05,"382,000"
1976-06-12,"407,000"
1976-06-19,"399,000"
1976-06-26,"387,000"
1976-07-03,"394,000"
1976-07-10,"372,000"
1976-07-17,"406,000"
1976-07-24,"394,000"
1976-07-31,"388,000"
1976-08-07,"378,000"
1976-08-14,"382,000"
1976-08-21,"400,000"
1976-08-28,"394,000"
1976-09-04,"421,000"
1976-09-11,"383,000"
1976-09-18,"403,000"
1976-09-25,"423,000"
1976-10-02,"408,000"
1976-10-09,"411,000"
1976-10-16,"403,000"
1976-10-23,"409,000"
1976-10-30,"414,000"
1976-11-06,"390,000"
1976-11-13,"383,000"
1976-11-20,"408,000"
1976-11-27,"377,000"
1976-12-04,"402,000"
1976-12-11,"395,000"
1976-12-18,"365,000"
1976-12-25,"333,000"
1977-01-01,"380,000"
1977-01-08,"416,000"
1977-01-15,"368,000"
1977-01-22,"423,000"
1977-01-29,"422,000"
1977-02-05,"565,000"
1977-02-12,"477,000"
1977-02-19,"399,000"
1977-02-26,"362,000"
1977-03-05,"361,000"
1977-03-12,"355,000"
1977-03-19,"369,000"
1977-03-26,"356,000"
1977-04-02,"350,000"
1977-04-09,"376,000"
1977-04-16,"361,000"
1977-04-23,"375,000"
1977-04-30,"375,000"
1977-05-07,"384,000"
1977-05-14,"381,000"
1977-05-21,"375,000"
1977-05-28,"381,000"
1977-06-04,"363,000"
1977-06-11,"358,000"
1977-06-18,"359,000"
1977-06-25,"365,000"
1977-07-02,"350,000"
1977-07-09,"361,000"
1977-07-16,"366,000"
1977-07-23,"365,000"
1977-07-30,"365,000"
1977-08-06,"378,000"
1977-08-13,"359,000"
1977-08-20,"367,000"
1977-08-27,"365,000"
1977-09-03,"374,000"
1977-09-10,"359,000"
1977-09-17,"362,000"
1977-09-24,"380,000"
1977-10-01,"348,000"
1977-10-08,"365,000"
1977-10-15,"358,000"
1977-10-22,"375,000"
1977-10-29,"349,000"
1977-11-05,"366,000"
1977-11-12,"334,000"
1977-11-19,"360,000"
1977-11-26,"354,000"
1977-12-03,"367,000"
1977-12-10,"364,000"
1977-12-17,"359,000"
1977-12-24,"344,000"
1977-12-31,"364,000"
1978-01-07,"346,000"
1978-01-14,"343,000"
1978-01-21,"352,000"
1978-01-28,"363,000"
1978-02-04,"360,000"
1978-02-11,"373,000"
1978-02-18,"429,000"
1978-02-25,"371,000"
1978-03-04,"355,000"
1978-03-11,"359,000"
1978-03-18,"347,000"
1978-03-25,"335,000"
1978-04-01,"333,000"
1978-04-08,"345,000"
1978-04-15,"309,000"
1978-04-22,"319,000"
1978-04-29,"324,000"
1978-05-06,"334,000"
1978-05-13,"322,000"
1978-05-20,"334,000"
1978-05-27,"318,000"
1978-06-03,"310,000"
1978-06-10,"331,000"
1978-06-17,"326,000"
1978-06-24,"330,000"
1978-07-01,"348,000"
1978-07-08,"356,000"
1978-07-15,"352,000"
1978-07-22,"349,000"
1978-07-29,"346,000"
1978-08-05,"365,000"
1978-08-12,"354,000"
1978-08-19,"343,000"
1978-08-26,"333,000"
1978-09-02,"313,000"
1978-09-09,"337,000"
1978-09-16,"322,000"
1978-09-23,"323,000"
1978-09-30,"318,000"
1978-10-07,"343,000"
1978-10-14,"316,000"
1978-10-21,"338,000"
1978-10-28,"316,000"
1978-11-04,"317,000"
1978-11-11,"304,000"
1978-11-18,"342,000"
1978-11-25,"359,000"
1978-12-02,"377,000"
1978-12-09,"344,000"
1978-12-16,"347,000"
1978-12-23,"352,000"
1978-12-30,"358,000"
1979-01-06,"359,000"
1979-01-13,"392,000"
1979-01-20,"337,000"
1979-01-27,"342,000"
1979-02-03,"348,000"
1979-02-10,"359,000"
1979-02-17,"367,000"
1979-02-24,"360,000"
1979-03-03,"355,000"
1979-03-10,"363,000"
1979-03-17,"359,000"
1979-03-24,"353,000"
1979-03-31,"360,000"
1979-04-07,"465,000"
1979-04-14,"457,000"
1979-04-21,"383,000"
1979-04-28,"357,000"
1979-05-05,"353,000"
1979-05-12,"344,000"
1979-05-19,"346,000"
1979-05-26,"349,000"
1979-06-02,"336,000"
1979-06-09,"365,000"
1979-06-16,"351,000"
1979-06-23,"379,000"
1979-06-30,"369,000"
1979-07-07,"368,000"
1979-07-14,"368,000"
1979-07-21,"395,000"
1979-07-28,"386,000"
1979-08-04,"412,000"
1979-08-11,"386,000"
1979-08-18,"387,000"
1979-08-25,"390,000"
1979-09-01,"389,000"
1979-09-08,"378,000"
1979-09-15,"384,000"
1979-09-22,"388,000"
1979-09-29,"390,000"
1979-10-06,"412,000"
1979-10-13,"393,000"
1979-10-20,"406,000"
1979-10-27,"398,000"
1979-11-03,"395,000"
1979-11-10,"414,000"
1979-11-17,"430,000"
1979-11-24,"414,000"
1979-12-01,"416,000"
1979-12-08,"415,000"
1979-12-15,"411,000"
1979-12-22,"471,000"
1979-12-29,"428,000"
1980-01-05,"394,000"
1980-01-12,"405,000"
1980-01-19,"446,000"
1980-01-26,"412,000"
1980-02-02,"404,000"
1980-02-09,"425,000"
1980-02-16,"415,000"
1980-02-23,"428,000"
1980-03-01,"409,000"
1980-03-08,"418,000"
1980-03-15,"432,000"
1980-03-22,"435,000"
1980-03-29,"475,000"
1980-04-05,"464,000"
1980-04-12,"544,000"
1980-04-19,"548,000"
1980-04-26,"563,000"
1980-05-03,"572,000"
1980-05-10,"601,000"
1980-05-17,"642,000"
1980-05-24,"627,000"
1980-05-31,"637,000"
1980-06-07,"610,000"
1980-06-14,"592,000"
1980-06-21,"599,000"
1980-06-28,"627,000"
1980-07-05,"579,000"
1980-07-12,"533,000"
1980-07-19,"567,000"
1980-07-26,"558,000"
1980-08-02,"569,000"
1980-08-09,"533,000"
1980-08-16,"525,000"
1980-08-23,"512,000"
1980-08-30,"502,000"
1980-09-06,"511,000"
1980-09-13,"492,000"
1980-09-20,"465,000"
1980-09-27,"463,000"
1980-10-04,"462,000"
1980-10-11,"447,000"
1980-10-18,"425,000"
1980-10-25,"418,000"
1980-11-01,"419,000"
1980-11-08,"407,000"
1980-11-15,"427,000"
1980-11-22,"398,000"
1980-11-29,"412,000"
1980-12-06,"416,000"
1980-12-13,"413,000"
1980-12-20,"412,000"
1980-12-27,"399,000"
1981-01-03,"410,000"
1981-01-10,"419,000"
1981-01-17,"421,000"
1981-01-24,"396,000"
1981-01-31,"419,000"
1981-02-07,"420,000"
1981-02-14,"423,000"
1981-02-21,"438,000"
1981-02-28,"434,000"
1981-03-07,"409,000"
1981-03-14,"408,000"
1981-03-21,"401,000"
1981-03-28,"412,000"
1981-04-04,"417,000"
1981-04-11,"396,000"
1981-04-18,"392,000"
1981-04-25,"436,000"
1981-05-02,"413,000"
1981-05-09,"423,000"
1981-05-16,"414,000"
1981-05-23,"415,000"
1981-05-30,"417,000"
1981-06-06,"428,000"
1981-06-13,"425,000"
1981-06-20,"435,000"
1981-06-27,"444,000"
1981-07-04,"460,000"
1981-07-11,"426,000"
1981-07-18,"430,000"
1981-07-25,"407,000"
1981-08-01,"476,000"
1981-08-08,"448,000"
1981-08-15,"442,000"
1981-08-22,"434,000"
1981-08-29,"451,000"
1981-09-05,"473,000"
1981-09-12,"454,000"
1981-09-19,"475,000"
1981-09-26,"491,000"
1981-10-03,"489,000"
1981-10-10,"491,000"
1981-10-17,"487,000"
1981-10-24,"483,000"
1981-10-31,"514,000"
1981-11-07,"514,000"
1981-11-14,"517,000"
1981-11-21,"464,000"
1981-11-28,"552,000"
1981-12-05,"558,000"
1981-12-12,"551,000"
1981-12-19,"539,000"
1981-12-26,"556,000"
1982-01-02,"495,000"
1982-01-09,"545,000"
1982-01-16,"489,000"
1982-01-23,"564,000"
1982-01-30,"583,000"
1982-02-06,"556,000"
1982-02-13,"507,000"
1982-02-20,"544,000"
1982-02-27,"528,000"
1982-03-06,"556,000"
1982-03-13,"539,000"
1982-03-20,"557,000"
1982-03-27,"574,000"
1982-04-03,"578,000"
1982-04-10,"585,000"
1982-04-17,"597,000"
1982-04-24,"588,000"
1982-05-01,"576,000"
1982-05-08,"584,000"
1982-05-15,"585,000"
1982-05-22,"586,000"
1982-05-29,"588,000"
1982-06-05,"611,000"
1982-06-12,"614,000"
1982-06-19,"591,000"
1982-06-26,"582,000"
1982-07-03,"600,000"
1982-07-10,"572,000"
1982-07-17,"567,000"
1982-07-24,"536,000"
1982-07-31,"605,000"
1982-08-07,"606,000"
1982-08-14,"637,000"
1982-08-21,"628,000"
1982-08-28,"647,000"
1982-09-04,"651,000"
1982-09-11,"641,000"
1982-09-18,"680,000"
1982-09-25,"671,000"
1982-10-02,"695,000"
1982-10-09,"651,000"
1982-10-16,"656,000"
1982-10-23,"623,000"
1982-10-30,"637,000"
1982-11-06,"589,000"
1982-11-13,"599,000"
1982-11-20,"577,000"
1982-11-27,"612,000"
1982-12-04,"557,000"
1982-12-11,"533,000"
1982-12-18,"516,000"
1982-12-25,"489,000"
1983-01-01,"534,000"
1983-01-08,"510,000"
1983-01-15,"479,000"
1983-01-22,"479,000"
1983-01-29,"503,000"
1983-02-05,"501,000"
1983-02-12,"486,000"
1983-02-19,"487,000"
1983-02-26,"481,000"
1983-03-05,"495,000"
1983-03-12,"475,000"
1983-03-19,"470,000"
1983-03-26,"481,000"
1983-04-02,"491,000"
1983-04-09,"496,000"
1983-04-16,"515,000"
1983-04-23,"488,000"
1983-04-30,"490,000"
1983-05-07,"494,000"
1983-05-14,"464,000"
1983-05-21,"460,000"
1983-05-28,"454,000"
1983-06-04,"459,000"
1983-06-11,"442,000"
1983-06-18,"434,000"
1983-06-25,"442,000"
1983-07-02,"422,000"
1983-07-09,"412,000"
1983-07-16,"396,000"
1983-07-23,"395,000"
1983-07-30,"415,000"
1983-08-06,"415,000"
1983-08-13,"457,000"
1983-08-20,"445,000"
1983-08-27,"426,000"
1983-09-03,"411,000"
1983-09-10,"403,000"
1983-09-17,"405,000"
1983-09-24,"416,000"
1983-10-01,"413,000"
1983-10-08,"406,000"
1983-10-15,"394,000"
1983-10-22,"394,000"
1983-10-29,"404,000"
1983-11-05,"395,000"
1983-11-12,"390,000"
1983-11-19,"387,000"
1983-11-26,"398,000"
1983-12-03,"365,000"
1983-12-10,"368,000"
1983-12-17,"362,000"
1983-12-24,"377,000"
1983-12-31,"372,000"
1984-01-07,"356,000"
1984-01-14,"351,000"
1984-01-21,"333,000"
1984-01-28,"364,000"
1984-02-04,"342,000"
1984-02-11,"338,000"
1984-02-18,"334,000"
1984-02-25,"343,000"
1984-03-03,"347,000"
1984-03-10,"346,000"
1984-03-17,"349,000"
1984-03-24,"346,000"
1984-03-31,"341,000"
1984-04-07,"381,000"
1984-04-14,"357,000"
1984-04-21,"364,000"
1984-04-28,"375,000"
1984-05-05,"365,000"
1984-05-12,"368,000"
1984-05-19,"354,000"
1984-05-26,"354,000"
1984-06-02,"355,000"
1984-06-09,"369,000"
1984-06-16,"361,000"
1984-06-23,"362,000"
1984-06-30,"360,000"
1984-07-07,"366,000"
1984-07-14,"360,000"
1984-07-21,"357,000"
1984-07-28,"359,000"
1984-08-04,"382,000"
1984-08-11,"380,000"
1984-08-18,"401,000"
1984-08-25,"395,000"
1984-09-01,"385,000"
1984-09-08,"402,000"
1984-09-15,"393,000"
1984-09-22,"395,000"
1984-09-29,"402,000"
1984-10-06,"403,000"
1984-10-13,"410,000"
1984-10-20,"439,000"
1984-10-27,"425,000"
1984-11-03,"423,000"
1984-11-10,"393,000"
1984-11-17,"383,000"
1984-11-24,"429,000"
1984-12-01,"401,000"
1984-12-08,"383,000"
1984-12-15,"386,000"
1984-12-22,"379,000"
1984-12-29,"379,000"
1985-01-05,"369,000"
1985-01-12,"387,000"
1985-01-19,"359,000"
1985-01-26,"368,000"
1985-02-02,"386,000"
1985-02-09,"401,000"
1985-02-16,"390,000"
1985-02-23,"390,000"
1985-03-02,"374,000"
1985-03-09,"385,000"
1985-03-16,"386,000"
1985-03-23,"373,000"
1985-03-30,"386,000"
1985-04-06,"405,000"
1985-04-13,"411,000"
1985-04-20,"391,000"
1985-04-27,"386,000"
1985-05-04,"390,000"
1985-05-11,"394,000"
1985-05-18,"391,000"
1985-05-25,"396,000"
1985-06-01,"393,000"
1985-06-08,"403,000"
1985-06-15,"390,000"
1985-06-22,"386,000"
1985-06-29,"390,000"
1985-07-06,"395,000"
1985-07-13,"386,000"
1985-07-20,"370,000"
1985-07-27,"362,000"
1985-08-03,"407,000"
1985-08-10,"402,000"
1985-08-17,"399,000"
1985-08-24,"405,000"
1985-08-31,"409,000"
1985-09-07,"426,000"
1985-09-14,"408,000"
1985-09-21,"401,000"
1985-09-28,"399,000"
1985-10-05,"405,000"
1985-10-12,"400,000"
1985-10-19,"400,000"
1985-10-26,"418,000"
1985-11-02,"398,000"
1985-11-09,"397,000"
1985-11-16,"397,000"
1985-11-23,"382,000"
1985-11-30,"393,000"
1985-12-07,"399,000"
1985-12-14,"382,000"
1985-12-21,"370,000"
1985-12-28,"390,000"
1986-01-04,"362,000"
1986-01-11,"397,000"
1986-01-18,"364,000"
1986-01-25,"344,000"
1986-02-01,"364,000"
1986-02-08,"366,000"
1986-02-15,"358,000"
1986-02-22,"390,000"
1986-03-01,"375,000"
1986-03-08,"366,000"
1986-03-15,"382,000"
1986-03-22,"387,000"
1986-03-29,"396,000"
1986-04-05,"381,000"
1986-04-12,"388,000"
1986-04-19,"383,000"
1986-04-26,"391,000"
1986-05-03,"392,000"
1986-05-10,"395,000"
1986-05-17,"384,000"
1986-05-24,"386,000"
1986-05-31,"373,000"
1986-06-07,"375,000"
1986-06-14,"369,000"
1986-06-21,"367,000"
1986-06-28,"371,000"
1986-07-05,"371,000"
1986-07-12,"361,000"
1986-07-19,"354,000"
1986-07-26,"362,000"
1986-08-02,"416,000"
1986-08-09,"416,000"
1986-08-16,"407,000"
1986-08-23,"397,000"
1986-08-30,"401,000"
1986-09-06,"400,000"
1986-09-13,"394,000"
1986-09-20,"399,000"
1986-09-27,"389,000"
1986-10-04,"391,000"
1986-10-11,"387,000"
1986-10-18,"385,000"
1986-10-25,"370,000"
1986-11-01,"364,000"
1986-11-08,"349,000"
1986-11-15,"368,000"
1986-11-22,"369,000"
1986-11-29,"366,000"
1986-12-06,"363,000"
1986-12-13,"375,000"
1986-12-20,"350,000"
1986-12-27,"345,000"
1987-01-03,"323,000"
1987-01-10,"348,000"
1987-01-17,"341,000"
1987-01-24,"346,000"
1987-01-31,"370,000"
1987-02-07,"368,000"
1987-02-14,"338,000"
1987-02-21,"341,000"
1987-02-28,"348,000"
1987-03-07,"337,000"
1987-03-14,"335,000"
1987-03-21,"335,000"
1987-03-28,"326,000"
1987-04-04,"330,000"
1987-04-11,"338,000"
1987-04-18,"349,000"
1987-04-25,"328,000"
1987-05-02,"330,000"
1987-05-09,"315,000"
1987-05-16,"341,000"
1987-05-23,"343,000"
1987-05-30,"326,000"
1987-06-06,"328,000"
1987-06-13,"316,000"
1987-06-20,"319,000"
1987-06-27,"326,000"
1987-07-04,"326,000"
1987-07-11,"317,000"
1987-07-18,"310,000"
1987-07-25,"324,000"
1987-08-01,"348,000"
1987-08-08,"327,000"
1987-08-15,"319,000"
1987-08-22,"312,000"
1987-08-29,"322,000"
1987-09-05,"316,000"
1987-09-12,"297,000"
1987-09-19,"309,000"
1987-09-26,"317,000"
1987-10-03,"301,000"
1987-10-10,"308,000"
1987-10-17,"301,000"
1987-10-24,"301,000"
1987-10-31,"289,000"
1987-11-07,"297,000"
1987-11-14,"307,000"
1987-11-21,"317,000"
1987-11-28,"306,000"
1987-12-05,"319,000"
1987-12-12,"317,000"
1987-12-19,"323,000"
1987-12-26,"316,000"
1988-01-02,"315,000"
1988-01-09,"325,000"
1988-01-16,"361,000"
1988-01-23,"335,000"
1988-01-30,"342,000"
1988-02-06,"318,000"
1988-02-13,"311,000"
1988-02-20,"327,000"
1988-02-27,"319,000"
1988-03-05,"307,000"
1988-03-12,"304,000"
1988-03-19,"307,000"
1988-03-26,"304,000"
1988-04-02,"309,000"
1988-04-09,"313,000"
1988-04-16,"314,000"
1988-04-23,"312,000"
1988-04-30,"313,000"
1988-05-07,"309,000"
1988-05-14,"314,000"
1988-05-21,"319,000"
1988-05-28,"313,000"
1988-06-04,"310,000"
1988-06-11,"305,000"
1988-06-18,"311,000"
1988-06-25,"307,000"
1988-07-02,"305,000"
1988-07-09,"303,000"
1988-07-16,"315,000"
1988-07-23,"354,000"
1988-07-30,"331,000"
1988-08-06,"316,000"
1988-08-13,"312,000"
1988-08-20,"316,000"
1988-08-27,"315,000"
1988-09-03,"306,000"
1988-09-10,"305,000"
1988-09-17,"306,000"
1988-09-24,"301,000"
1988-10-01,"292,000"
1988-10-08,"292,000"
1988-10-15,"293,000"
1988-10-22,"286,000"
1988-10-29,"294,000"
1988-11-05,"285,000"
1988-11-12,"284,000"
1988-11-19,"294,000"
1988-11-26,"299,000"
1988-12-03,"298,000"
1988-12-10,"285,000"
1988-12-17,"293,000"
1988-12-24,"286,000"
1988-12-31,"304,000"
1989-01-07,"299,000"
1989-01-14,"283,000"
1989-01-21,"282,000"
1989-01-28,"295,000"
1989-02-04,"288,000"
1989-02-11,"322,000"
1989-02-18,"305,000"
1989-02-25,"300,000"
1989-03-04,"325,000"
1989-03-11,"325,000"
1989-03-18,"319,000"
1989-03-25,"319,000"
1989-04-01,"323,000"
1989-04-08,"314,000"
1989-04-15,"307,000"
1989-04-22,"304,000"
1989-04-29,"311,000"
1989-05-06,"320,000"
1989-05-13,"332,000"
1989-05-20,"321,000"
1989-05-27,"325,000"
1989-06-03,"325,000"
1989-06-10,"332,000"
1989-06-17,"337,000"
1989-06-24,"338,000"
1989-07-01,"349,000"
1989-07-08,"341,000"
1989-07-15,"349,000"
1989-07-22,"332,000"
1989-07-29,"337,000"
1989-08-05,"338,000"
1989-08-12,"341,000"
1989-08-19,"327,000"
1989-08-26,"332,000"
1989-09-02,"329,000"
1989-09-09,"336,000"
1989-09-16,"334,000"
1989-09-23,"334,000"
1989-09-30,"347,000"
1989-10-07,"407,000"
1989-10-14,"345,000"
1989-10-21,"347,000"
1989-10-28,"354,000"
1989-11-04,"333,000"
1989-11-11,"336,000"
1989-11-18,"336,000"
1989-11-25,"342,000"
1989-12-02,"344,000"
1989-12-09,"338,000"
1989-12-16,"355,000"
1989-12-23,"381,000"
1989-12-30,"358,000"
1990-01-06,"355,000"
1990-01-13,"369,000"
1990-01-20,"375,000"
1990-01-27,"345,000"
1990-02-03,"368,000"
1990-02-10,"367,000"
1990-02-17,"348,000"
1990-02-24,"350,000"
1990-03-03,"351,000"
1990-03-10,"349,000"
1990-03-17,"349,000"
1990-03-24,"331,000"
1990-03-31,"346,000"
1990-04-07,"367,000"
1990-04-14,"357,000"
1990-04-21,"360,000"
1990-04-28,"363,000"
1990-05-05,"354,000"
1990-05-12,"355,000"
1990-05-19,"353,000"
1990-05-26,"359,000"
1990-06-02,"368,000"
1990-06-09,"359,000"
1990-06-16,"359,000"
1990-06-23,"362,000"
1990-06-30,"364,000"
1990-07-07,"362,000"
1990-07-14,"367,000"
1990-07-21,"370,000"
1990-07-28,"369,000"
1990-08-04,"369,000"
1990-08-11,"381,000"
1990-08-18,"393,000"
1990-08-25,"394,000"
1990-09-01,"392,000"
1990-09-08,"390,000"
1990-09-15,"395,000"
1990-09-22,"389,000"
1990-09-29,"404,000"
1990-10-06,"404,000"
1990-10-13,"422,000"
1990-10-20,"435,000"
1990-10-27,"440,000"
1990-11-03,"430,000"
1990-11-10,"448,000"
1990-11-17,"447,000"
1990-11-24,"462,000"
1990-12-01,"451,000"
1990-12-08,"449,000"
1990-12-15,"447,000"
1990-12-22,"474,000"
1990-12-29,"454,000"
1991-01-05,"415,000"
1991-01-12,"437,000"
1991-01-19,"445,000"
1991-01-26,"462,000"
1991-02-02,"483,000"
1991-02-09,"480,000"
1991-02-16,"474,000"
1991-02-23,"499,000"
1991-03-02,"488,000"
1991-03-09,"499,000"
1991-03-16,"498,000"
1991-03-23,"509,000"
1991-03-30,"499,000"
1991-04-06,"452,000"
1991-04-13,"477,000"
1991-04-20,"478,000"
1991-04-27,"462,000"
1991-05-04,"451,000"
1991-05-11,"446,000"
1991-05-18,"448,000"
1991-05-25,"443,000"
1991-06-01,"432,000"
1991-06-08,"441,000"
1991-06-15,"429,000"
1991-06-22,"423,000"
1991-06-29,"418,000"
1991-07-06,"422,000"
1991-07-13,"420,000"
1991-07-20,"408,000"
1991-07-27,"423,000"
1991-08-03,"438,000"
1991-08-10,"437,000"
1991-08-17,"433,000"
1991-08-24,"425,000"
1991-08-31,"425,000"
1991-09-07,"424,000"
1991-09-14,"418,000"
1991-09-21,"419,000"
1991-09-28,"437,000"
1991-10-05,"424,000"
1991-10-12,"425,000"
1991-10-19,"419,000"
1991-10-26,"423,000"
1991-11-02,"447,000"
1991-11-09,"453,000"
1991-11-16,"439,000"
1991-11-23,"444,000"
1991-11-30,"444,000"
1991-12-07,"475,000"
1991-12-14,"475,000"
1991-12-21,"436,000"
1991-12-28,"441,000"
1992-01-04,"432,000"
1992-01-11,"440,000"
1992-01-18,"443,000"
1992-01-25,"441,000"
1992-02-01,"440,000"
1992-02-08,"445,000"
1992-02-15,"446,000"
1992-02-22,"436,000"
1992-02-29,"444,000"
1992-03-07,"421,000"
1992-03-14,"437,000"
1992-03-21,"440,000"
1992-03-28,"420,000"
1992-04-04,"412,000"
1992-04-11,"413,000"
1992-04-18,"424,000"
1992-04-25,"424,000"
1992-05-02,"431,000"
1992-05-09,"417,000"
1992-05-16,"414,000"
1992-05-23,"414,000"
1992-05-30,"411,000"
1992-06-06,"416,000"
1992-06-13,"420,000"
1992-06-20,"419,000"
1992-06-27,"420,000"
1992-07-04,"407,000"
1992-07-11,"408,000"
1992-07-18,"392,000"
1992-07-25,"564,000"
1992-08-01,"423,000"
1992-08-08,"406,000"
1992-08-15,"401,000"
1992-08-22,"398,000"
1992-08-29,"408,000"
1992-09-05,"416,000"
1992-09-12,"416,000"
1992-09-19,"427,000"
1992-09-26,"409,000"
1992-10-03,"398,000"
1992-10-10,"374,000"
1992-10-17,"385,000"
1992-10-24,"367,000"
1992-10-31,"365,000"
1992-11-07,"374,000"
1992-11-14,"377,000"
1992-11-21,"357,000"
1992-11-28,"341,000"
1992-12-05,"350,000"
1992-12-12,"359,000"
1992-12-19,"334,000"
1992-12-26,"313,000"
1993-01-02,"341,000"
1993-01-09,"354,000"
1993-01-16,"352,000"
1993-01-23,"341,000"
1993-01-30,"340,000"
1993-02-06,"319,000"
1993-02-13,"321,000"
1993-02-20,"351,000"
1993-02-27,"362,000"
1993-03-06,"354,000"
1993-03-13,"346,000"
1993-03-20,"338,000"
1993-03-27,"366,000"
1993-04-03,"365,000"
1993-04-10,"353,000"
1993-04-17,"351,000"
1993-04-24,"350,000"
1993-05-01,"343,000"
1993-05-08,"339,000"
1993-05-15,"345,000"
1993-05-22,"342,000"
1993-05-29,"349,000"
1993-06-05,"343,000"
1993-06-12,"343,000"
1993-06-19,"345,000"
1993-06-26,"340,000"
1993-07-03,"334,000"
1993-07-10,"314,000"
1993-07-17,"335,000"
1993-07-24,"415,000"
1993-07-31,"356,000"
1993-08-07,"346,000"
1993-08-14,"339,000"
1993-08-21,"342,000"
1993-08-28,"337,000"
1993-09-04,"334,000"
1993-09-11,"333,000"
1993-09-18,"346,000"
1993-09-25,"343,000"
1993-10-02,"333,000"
1993-10-09,"355,000"
1993-10-16,"359,000"
1993-10-23,"354,000"
1993-10-30,"348,000"
1993-11-06,"350,000"
1993-11-13,"341,000"
1993-11-20,"336,000"
1993-11-27,"337,000"
1993-12-04,"337,000"
1993-12-11,"334,000"
1993-12-18,"331,000"
1993-12-25,"290,000"
1994-01-01,"341,000"
1994-01-08,"343,000"
1994-01-15,"355,000"
1994-01-22,"351,000"
1994-01-29,"406,000"
1994-02-05,"361,000"
1994-02-12,"354,000"
1994-02-19,"352,000"
1994-02-26,"327,000"
1994-03-05,"348,000"
1994-03-12,"341,000"
1994-03-19,"332,000"
1994-03-26,"322,000"
1994-04-02,"342,000"
1994-04-09,"349,000"
1994-04-16,"354,000"
1994-04-23,"331,000"
1994-04-30,"344,000"
1994-05-07,"371,000"
1994-05-14,"360,000"
1994-05-21,"357,000"
1994-05-28,"348,000"
1994-06-04,"345,000"
1994-06-11,"338,000"
1994-06-18,"336,000"
1994-06-25,"341,000"
1994-07-02,"334,000"
1994-07-09,"341,000"
1994-07-16,"359,000"
1994-07-23,"345,000"
1994-07-30,"332,000"
1994-08-06,"338,000"
1994-08-13,"335,000"
1994-08-20,"331,000"
1994-08-27,"341,000"
1994-09-03,"339,000"
1994-09-10,"331,000"
1994-09-17,"326,000"
1994-09-24,"325,000"
1994-10-01,"330,000"
1994-10-08,"341,000"
1994-10-15,"335,000"
1994-10-22,"330,000"
1994-10-29,"331,000"
1994-11-05,"328,000"
1994-11-12,"329,000"
1994-11-19,"326,000"
1994-11-26,"329,000"
1994-12-03,"324,000"
1994-12-10,"329,000"
1994-12-17,"330,000"
1994-12-24,"314,000"
1994-12-31,"319,000"
1995-01-07,"338,000"
1995-01-14,"347,000"
1995-01-21,"325,000"
1995-01-28,"324,000"
1995-02-04,"324,000"
1995-02-11,"348,000"
1995-02-18,"343,000"
1995-02-25,"336,000"
1995-03-04,"339,000"
1995-03-11,"347,000"
1995-03-18,"343,000"
1995-03-25,"332,000"
1995-04-01,"335,000"
1995-04-08,"347,000"
1995-04-15,"355,000"
1995-04-22,"349,000"
1995-04-29,"365,000"
1995-05-06,"364,000"
1995-05-13,"366,000"
1995-05-20,"377,000"
1995-05-27,"374,000"
1995-06-03,"362,000"
1995-06-10,"367,000"
1995-06-17,"378,000"
1995-06-24,"358,000"
1995-07-01,"355,000"
1995-07-08,"372,000"
1995-07-15,"389,000"
1995-07-22,"390,000"
1995-07-29,"351,000"
1995-08-05,"351,000"
1995-08-12,"353,000"
1995-08-19,"362,000"
1995-08-26,"359,000"
1995-09-02,"355,000"
1995-09-09,"371,000"
1995-09-16,"376,000"
1995-09-23,"353,000"
1995-09-30,"355,000"
1995-10-07,"374,000"
1995-10-14,"369,000"
1995-10-21,"366,000"
1995-10-28,"377,000"
1995-11-04,"380,000"
1995-11-11,"370,000"
1995-11-18,"379,000"
1995-11-25,"379,000"
1995-12-02,"373,000"
1995-12-09,"346,000"
1995-12-16,"373,000"
1995-12-23,"374,000"
1995-12-30,"359,000"
1996-01-06,"361,000"
1996-01-13,"333,000"
1996-01-20,"415,000"
1996-01-27,"387,000"
1996-02-03,"374,000"
1996-02-10,"387,000"
1996-02-17,"383,000"
1996-02-24,"365,000"
1996-03-02,"368,000"
1996-03-09,"361,000"
1996-03-16,"384,000"
1996-03-23,"426,000"
1996-03-30,"393,000"
1996-04-06,"369,000"
1996-04-13,"357,000"
1996-04-20,"368,000"
1996-04-27,"343,000"
1996-05-04,"338,000"
1996-05-11,"352,000"
1996-05-18,"345,000"
1996-05-25,"343,000"
1996-06-01,"340,000"
1996-06-08,"351,000"
1996-06-15,"342,000"
1996-06-22,"341,000"
1996-06-29,"337,000"
1996-07-06,"342,000"
1996-07-13,"347,000"
1996-07-20,"332,000"
1996-07-27,"327,000"
1996-08-03,"326,000"
1996-08-10,"331,000"
1996-08-17,"336,000"
1996-08-24,"337,000"
1996-08-31,"329,000"
1996-09-07,"333,000"
1996-09-14,"338,000"
1996-09-21,"352,000"
1996-09-28,"348,000"
1996-10-05,"335,000"
1996-10-12,"334,000"
1996-10-19,"335,000"
1996-10-26,"352,000"
1996-11-02,"334,000"
1996-11-09,"327,000"
1996-11-16,"342,000"
1996-11-23,"347,000"
1996-11-30,"332,000"
1996-12-07,"355,000"
1996-12-14,"352,000"
1996-12-21,"350,000"
1996-12-28,"357,000"
1997-01-04,"347,000"
1997-01-11,"324,000"
1997-01-18,"345,000"
1997-01-25,"340,000"
1997-02-01,"333,000"
1997-02-08,"315,000"
1997-02-15,"313,000"
1997-02-22,"322,000"
1997-03-01,"321,000"
1997-03-08,"317,000"
1997-03-15,"319,000"
1997-03-22,"315,000"
1997-03-29,"325,000"
1997-04-05,"325,000"
1997-04-12,"330,000"
1997-04-19,"316,000"
1997-04-26,"337,000"
1997-05-03,"342,000"
1997-05-10,"318,000"
1997-05-17,"322,000"
1997-05-24,"316,000"
1997-05-31,"321,000"
1997-06-07,"329,000"
1997-06-14,"335,000"
1997-06-21,"316,000"
1997-06-28,"322,000"
1997-07-05,"346,000"
1997-07-12,"328,000"
1997-07-19,"301,000"
1997-07-26,"306,000"
1997-08-02,"320,000"
1997-08-09,"329,000"
1997-08-16,"343,000"
1997-08-23,"327,000"
1997-08-30,"332,000"
1997-09-06,"313,000"
1997-09-13,"314,000"
1997-09-20,"317,000"
1997-09-27,"317,000"
1997-10-04,"311,000"
1997-10-11,"305,000"
1997-10-18,"318,000"
1997-10-25,"306,000"
1997-11-01,"313,000"
1997-11-08,"308,000"
1997-11-15,"325,000"
1997-11-22,"309,000"
1997-11-29,"318,000"
1997-12-06,"317,000"
1997-12-13,"323,000"
1997-12-20,"310,000"
1997-12-27,"303,000"
1998-01-03,"312,000"
1998-01-10,"331,000"
1998-01-17,"341,000"
1998-01-24,"307,000"
1998-01-31,"315,000"
1998-02-07,"311,000"
1998-02-14,"321,000"
1998-02-21,"327,000"
1998-02-28,"317,000"
1998-03-07,"308,000"
1998-03-14,"319,000"
1998-03-21,"321,000"
1998-03-28,"312,000"
1998-04-04,"312,000"
1998-04-11,"304,000"
1998-04-18,"317,000"
1998-04-25,"311,000"
1998-05-02,"304,000"
1998-05-09,"306,000"
1998-05-16,"315,000"
1998-05-23,"309,000"
1998-05-30,"322,000"
1998-06-06,"306,000"
1998-06-13,"321,000"
1998-06-20,"349,000"
1998-06-27,"376,000"
1998-07-04,"362,000"
1998-07-11,"320,000"
1998-07-18,"315,000"
1998-07-25,"335,000"
1998-08-01,"327,000"
1998-08-08,"316,000"
1998-08-15,"308,000"
1998-08-22,"302,000"
1998-08-29,"310,000"
1998-09-05,"313,000"
1998-09-12,"304,000"
1998-09-19,"305,000"
1998-09-26,"294,000"
1998-10-03,"302,000"
1998-10-10,"316,000"
1998-10-17,"318,000"
1998-10-24,"309,000"
1998-10-31,"308,000"
1998-11-07,"316,000"
1998-11-14,"334,000"
1998-11-21,"304,000"
1998-11-28,"310,000"
1998-12-05,"326,000"
1998-12-12,"305,000"
1998-12-19,"297,000"
1998-12-26,"336,000"
1999-01-02,"331,000"
1999-01-09,"345,000"
1999-01-16,"339,000"
1999-01-23,"311,000"
1999-01-30,"305,000"
1999-02-06,"291,000"
1999-02-13,"312,000"
1999-02-20,"302,000"
1999-02-27,"301,000"
1999-03-06,"300,000"
1999-03-13,"308,000"
1999-03-20,"305,000"
1999-03-27,"298,000"
1999-04-03,"310,000"
1999-04-10,"319,000"
1999-04-17,"314,000"
1999-04-24,"291,000"
1999-05-01,"296,000"
1999-05-08,"310,000"
1999-05-15,"301,000"
1999-05-22,"298,000"
1999-05-29,"303,000"
1999-06-05,"303,000"
1999-06-12,"290,000"
1999-06-19,"292,000"
1999-06-26,"291,000"
1999-07-03,"287,000"
1999-07-10,"288,000"
1999-07-17,"309,000"
1999-07-24,"306,000"
1999-07-31,"300,000"
1999-08-07,"295,000"
1999-08-14,"292,000"
1999-08-21,"286,000"
1999-08-28,"290,000"
1999-09-04,"290,000"
1999-09-11,"281,000"
1999-09-18,"281,000"
1999-09-25,"306,000"
1999-10-02,"309,000"
1999-10-09,"291,000"
1999-10-16,"287,000"
1999-10-23,"280,000"
1999-10-30,"285,000"
1999-11-06,"282,000"
1999-11-13,"281,000"
1999-11-20,"276,000"
1999-11-27,"288,000"
1999-12-04,"287,000"
1999-12-11,"272,000"
1999-12-18,"287,000"
1999-12-25,"268,000"
2000-01-01,"286,000"
2000-01-08,"298,000"
2000-01-15,"289,000"
2000-01-22,"284,000"
2000-01-29,"285,000"
2000-02-05,"312,000"
2000-02-12,"300,000"
2000-02-19,"283,000"
2000-02-26,"280,000"
2000-03-04,"286,000"
2000-03-11,"270,000"
2000-03-18,"271,000"
2000-03-25,"272,000"
2000-04-01,"266,000"
2000-04-08,"268,000"
2000-04-15,"259,000"
2000-04-22,"274,000"
2000-04-29,"291,000"
2000-05-06,"293,000"
2000-05-13,"276,000"
2000-05-20,"280,000"
2000-05-27,"280,000"
2000-06-03,"290,000"
2000-06-10,"284,000"
2000-06-17,"294,000"
2000-06-24,"296,000"
2000-07-01,"281,000"
2000-07-08,"293,000"
2000-07-15,"303,000"
2000-07-22,"300,000"
2000-07-29,"298,000"
2000-08-05,"306,000"
2000-08-12,"315,000"
2000-08-19,"318,000"
2000-08-26,"312,000"
2000-09-02,"301,000"
2000-09-09,"309,000"
2000-09-16,"311,000"
2000-09-23,"288,000"
2000-09-30,"292,000"
2000-10-07,"309,000"
2000-10-14,"299,000"
2000-10-21,"295,000"
2000-10-28,"301,000"
2000-11-04,"331,000"
2000-11-11,"318,000"
2000-11-18,"332,000"
2000-11-25,"356,000"
2000-12-02,"338,000"
2000-12-09,"321,000"
2000-12-16,"354,000"
2000-12-23,"364,000"
2000-12-30,"353,000"
2001-01-06,"337,000"
2001-01-13,"318,000"
2001-01-20,"343,000"
2001-01-27,"362,000"
2001-02-03,"376,000"
2001-02-10,"365,000"
2001-02-17,"358,000"
2001-02-24,"386,000"
2001-03-03,"384,000"
2001-03-10,"393,000"
2001-03-17,"393,000"
2001-03-24,"378,000"
2001-03-31,"388,000"
2001-04-07,"398,000"
2001-04-14,"383,000"
2001-04-21,"400,000"
2001-04-28,"406,000"
2001-05-05,"381,000"
2001-05-12,"390,000"
2001-05-19,"402,000"
2001-05-26,"405,000"
2001-06-02,"406,000"
2001-06-09,"411,000"
2001-06-16,"394,000"
2001-06-23,"381,000"
2001-06-30,"394,000"
2001-07-07,"401,000"
2001-07-14,"405,000"
2001-07-21,"398,000"
2001-07-28,"388,000"
2001-08-04,"401,000"
2001-08-11,"394,000"
2001-08-18,"402,000"
2001-08-25,"395,000"
2001-09-01,"402,000"
2001-09-08,"408,000"
2001-09-15,"395,000"
2001-09-22,"453,000"
2001-09-29,"517,000"
2001-10-06,"476,000"
2001-10-13,"482,000"
2001-10-20,"482,000"
2001-10-27,"483,000"
2001-11-03,"440,000"
2001-11-10,"428,000"
2001-11-17,"431,000"
2001-11-24,"491,000"
2001-12-01,"465,000"
2001-12-08,"393,000"
2001-12-15,"389,000"
2001-12-22,"416,000"
2001-12-29,"421,000"
2002-01-05,"397,000"
2002-01-12,"418,000"
2002-01-19,"405,000"
2002-01-26,"414,000"
2002-02-02,"404,000"
2002-02-09,"397,000"
2002-02-16,"397,000"
2002-02-23,"398,000"
2002-03-02,"392,000"
2002-03-09,"399,000"
2002-03-16,"392,000"
2002-03-23,"415,000"
2002-03-30,"479,000"
2002-04-06,"445,000"
2002-04-13,"442,000"
2002-04-20,"416,000"
2002-04-27,"414,000"
2002-05-04,"409,000"
2002-05-11,"413,000"
2002-05-18,"411,000"
2002-05-25,"403,000"
2002-06-01,"378,000"
2002-06-08,"388,000"
2002-06-15,"396,000"
2002-06-22,"388,000"
2002-06-29,"386,000"
2002-07-06,"391,000"
2002-07-13,"384,000"
2002-07-20,"379,000"
2002-07-27,"390,000"
2002-08-03,"388,000"
2002-08-10,"389,000"
2002-08-17,"399,000"
2002-08-24,"398,000"
2002-08-31,"394,000"
2002-09-07,"416,000"
2002-09-14,"412,000"
2002-09-21,"401,000"
2002-09-28,"409,000"
2002-10-05,"404,000"
2002-10-12,"405,000"
2002-10-19,"412,000"
2002-10-26,"409,000"
2002-11-02,"405,000"
2002-11-09,"400,000"
2002-11-16,"389,000"
2002-11-23,"390,000"
2002-11-30,"377,000"
2002-12-07,"425,000"
2002-12-14,"429,000"
2002-12-21,"394,000"
2002-12-28,"409,000"
2003-01-04,"393,000"
2003-01-11,"378,000"
2003-01-18,"402,000"
2003-01-25,"407,000"
2003-02-01,"413,000"
2003-02-08,"390,000"
2003-02-15,"420,000"
2003-02-22,"421,000"
2003-03-01,"436,000"
2003-03-08,"424,000"
2003-03-15,"430,000"
2003-03-22,"411,000"
2003-03-29,"436,000"
2003-04-05,"417,000"
2003-04-12,"434,000"
2003-04-19,"450,000"
2003-04-26,"444,000"
2003-05-03,"428,000"
2003-05-10,"417,000"
2003-05-17,"425,000"
2003-05-24,"419,000"
2003-05-31,"431,000"
2003-06-07,"429,000"
2003-06-14,"421,000"
2003-06-21,"408,000"
2003-06-28,"429,000"
2003-07-05,"433,000"
2003-07-12,"412,000"
2003-07-19,"403,000"
2003-07-26,"398,000"
2003-08-02,"401,000"
2003-08-09,"404,000"
2003-08-16,"398,000"
2003-08-23,"391,000"
2003-08-30,"407,000"
2003-09-06,"422,000"
2003-09-13,"394,000"
2003-09-20,"379,000"
2003-09-27,"387,000"
2003-10-04,"386,000"
2003-10-11,"376,000"
2003-10-18,"387,000"
2003-10-25,"379,000"
2003-11-01,"363,000"
2003-11-08,"371,000"
2003-11-15,"370,000"
2003-11-22,"354,000"
2003-11-29,"357,000"
2003-12-06,"367,000"
2003-12-13,"363,000"
2003-12-20,"354,000"
2003-12-27,"349,000"
2004-01-03,"356,000"
2004-01-10,"354,000"
2004-01-17,"362,000"
2004-01-24,"353,000"
2004-01-31,"376,000"
2004-02-07,"380,000"
2004-02-14,"356,000"
2004-02-21,"359,000"
2004-02-28,"348,000"
2004-03-06,"344,000"
2004-03-13,"338,000"
2004-03-20,"346,000"
2004-03-27,"340,000"
2004-04-03,"335,000"
2004-04-10,"355,000"
2004-04-17,"364,000"
2004-04-24,"339,000"
2004-05-01,"324,000"
2004-05-08,"329,000"
2004-05-15,"349,000"
2004-05-22,"342,000"
2004-05-29,"337,000"
2004-06-05,"355,000"
2004-06-12,"339,000"
2004-06-19,"354,000"
2004-06-26,"348,000"
2004-07-03,"326,000"
2004-07-10,"345,000"
2004-07-17,"355,000"
2004-07-24,"348,000"
2004-07-31,"341,000"
2004-08-07,"336,000"
2004-08-14,"332,000"
2004-08-21,"343,000"
2004-08-28,"352,000"
2004-09-04,"326,000"
2004-09-11,"331,000"
2004-09-18,"341,000"
2004-09-25,"351,000"
2004-10-02,"335,000"
2004-10-09,"338,000"
2004-10-16,"327,000"
2004-10-23,"338,000"
2004-10-30,"332,000"
2004-11-06,"330,000"
2004-11-13,"337,000"
2004-11-20,"313,000"
2004-11-27,"335,000"
2004-12-04,"343,000"
2004-12-11,"316,000"
2004-12-18,"322,000"
2004-12-25,"320,000"
2005-01-01,"356,000"
2005-01-08,"369,000"
2005-01-15,"332,000"
2005-01-22,"329,000"
2005-01-29,"331,000"
2005-02-05,"307,000"
2005-02-12,"308,000"
2005-02-19,"318,000"
2005-02-26,"314,000"
2005-03-05,"333,000"
2005-03-12,"324,000"
2005-03-19,"329,000"
2005-03-26,"342,000"
2005-04-02,"335,000"
2005-04-09,"323,000"
2005-04-16,"307,000"
2005-04-23,"317,000"
2005-04-30,"334,000"
2005-05-07,"327,000"
2005-05-14,"321,000"
2005-05-21,"320,000"
2005-05-28,"340,000"
2005-06-04,"338,000"
2005-06-11,"333,000"
2005-06-18,"321,000"
2005-06-25,"311,000"
2005-07-02,"327,000"
2005-07-09,"338,000"
2005-07-16,"323,000"
2005-07-23,"318,000"
2005-07-30,"316,000"
2005-08-06,"311,000"
2005-08-13,"319,000"
2005-08-20,"315,000"
2005-08-27,"318,000"
2005-09-03,"326,000"
2005-09-10,"422,000"
2005-09-17,"424,000"
2005-09-24,"359,000"
2005-10-01,"384,000"
2005-10-08,"383,000"
2005-10-15,"348,000"
2005-10-22,"324,000"
2005-10-29,"322,000"
2005-11-05,"325,000"
2005-11-12,"309,000"
2005-11-19,"324,000"
2005-11-26,"311,000"
2005-12-03,"321,000"
2005-12-10,"327,000"
2005-12-17,"312,000"
2005-12-24,"320,000"
2005-12-31,"302,000"
2006-01-07,"326,000"
2006-01-14,"285,000"
2006-01-21,"290,000"
2006-01-28,"282,000"
2006-02-04,"289,000"
2006-02-11,"298,000"
2006-02-18,"283,000"
2006-02-25,"293,000"
2006-03-04,"302,000"
2006-03-11,"307,000"
2006-03-18,"303,000"
2006-03-25,"295,000"
2006-04-01,"291,000"
2006-04-08,"299,000"
2006-04-15,"299,000"
2006-04-22,"308,000"
2006-04-29,"321,000"
2006-05-06,"347,000"
2006-05-13,"335,000"
2006-05-20,"319,000"
2006-05-27,"330,000"
2006-06-03,"307,000"
2006-06-10,"298,000"
2006-06-17,"308,000"
2006-06-24,"309,000"
2006-07-01,"316,000"
2006-07-08,"343,000"
2006-07-15,"318,000"
2006-07-22,"306,000"
2006-07-29,"311,000"
2006-08-05,"318,000"
2006-08-12,"310,000"
2006-08-19,"315,000"
2006-08-26,"314,000"
2006-09-02,"315,000"
2006-09-09,"314,000"
2006-09-16,"324,000"
2006-09-23,"319,000"
2006-09-30,"309,000"
2006-10-07,"316,000"
2006-10-14,"305,000"
2006-10-21,"313,000"
2006-10-28,"328,000"
2006-11-04,"319,000"
2006-11-11,"311,000"
2006-11-18,"326,000"
2006-11-25,"349,000"
2006-12-02,"327,000"
2006-12-09,"311,000"
2006-12-16,"318,000"
2006-12-23,"323,000"
2006-12-30,"341,000"
2007-01-06,"330,000"
2007-01-13,"296,000"
2007-01-20,"335,000"
2007-01-27,"308,000"
2007-02-03,"310,000"
2007-02-10,"338,000"
2007-02-17,"321,000"
2007-02-24,"322,000"
2007-03-03,"320,000"
2007-03-10,"308,000"
2007-03-17,"309,000"
2007-03-24,"303,000"
2007-03-31,"307,000"
2007-04-07,"332,000"
2007-04-14,"327,000"
2007-04-21,"321,000"
2007-04-28,"301,000"
2007-05-05,"300,000"
2007-05-12,"297,000"
2007-05-19,"310,000"
2007-05-26,"310,000"
2007-06-02,"313,000"
2007-06-09,"313,000"
2007-06-16,"320,000"
2007-06-23,"313,000"
2007-06-30,"317,000"
2007-07-07,"321,000"
2007-07-14,"317,000"
2007-07-21,"310,000"
2007-07-28,"305,000"
2007-08-04,"314,000"
2007-08-11,"316,000"
2007-08-18,"321,000"
2007-08-25,"329,000"
2007-09-01,"314,000"
2007-09-08,"321,000"
2007-09-15,"313,000"
2007-09-22,"302,000"
2007-09-29,"317,000"
2007-10-06,"316,000"
2007-10-13,"335,000"
2007-10-20,"334,000"
2007-10-27,"328,000"
2007-11-03,"327,000"
2007-11-10,"333,000"
2007-11-17,"332,000"
2007-11-24,"352,000"
2007-12-01,"344,000"
2007-12-08,"332,000"
2007-12-15,"350,000"
2007-12-22,"355,000"
2007-12-29,"360,000"
2008-01-05,"346,000"
2008-01-12,"322,000"
2008-01-19,"321,000"
2008-01-26,"366,000"
2008-02-02,"350,000"
2008-02-09,"344,000"
2008-02-16,"339,000"
2008-02-23,"354,000"
2008-03-01,"345,000"
2008-03-08,"348,000"
2008-03-15,"369,000"
2008-03-22,"368,000"
2008-03-29,"387,000"
2008-04-05,"354,000"
2008-04-12,"365,000"
2008-04-19,"349,000"
2008-04-26,"370,000"
2008-05-03,"370,000"
2008-05-10,"366,000"
2008-05-17,"367,000"
2008-05-24,"369,000"
2008-05-31,"362,000"
2008-06-07,"382,000"
2008-06-14,"378,000"
2008-06-21,"381,000"
2008-06-28,"392,000"
2008-07-05,"371,000"
2008-07-12,"385,000"
2008-07-19,"402,000"
2008-07-26,"434,000"
2008-08-02,"448,000"
2008-08-09,"430,000"
2008-08-16,"424,000"
2008-08-23,"421,000"
2008-08-30,"442,000"
2008-09-06,"441,000"
2008-09-13,"449,000"
2008-09-20,"483,000"
2008-09-27,"483,000"
2008-10-04,"482,000"
2008-10-11,"461,000"
2008-10-18,"478,000"
2008-10-25,"480,000"
2008-11-01,"490,000"
2008-11-08,"512,000"
2008-11-15,"536,000"
2008-11-22,"532,000"
2008-11-29,"529,000"
2008-12-06,"570,000"
2008-12-13,"566,000"
2008-12-20,"587,000"
2008-12-27,"533,000"
2009-01-03,"503,000"
2009-01-10,"551,000"
2009-01-17,"591,000"
2009-01-24,"586,000"
2009-01-31,"629,000"
2009-02-07,"637,000"
2009-02-14,"632,000"
2009-02-21,"655,000"
2009-02-28,"652,000"
2009-03-07,"660,000"
2009-03-14,"651,000"
2009-03-21,"661,000"
2009-03-28,"665,000"
2009-04-04,"653,000"
2009-04-11,"599,000"
2009-04-18,"639,000"
2009-04-25,"620,000"
2009-05-02,"602,000"
2009-05-09,"625,000"
2009-05-16,"620,000"
2009-05-23,"606,000"
2009-05-30,"607,000"
2009-06-06,"596,000"
2009-06-13,"595,000"
2009-06-20,"608,000"
2009-06-27,"594,000"
2009-07-04,"573,000"
2009-07-11,"546,000"
2009-07-18,"560,000"
2009-07-25,"587,000"
2009-08-01,"555,000"
2009-08-08,"555,000"
2009-08-15,"562,000"
2009-08-22,"560,000"
2009-08-29,"564,000"
2009-09-05,"558,000"
2009-09-12,"542,000"
2009-09-19,"536,000"
2009-09-26,"554,000"
2009-10-03,"533,000"
2009-10-10,"511,000"
2009-10-17,"531,000"
2009-10-24,"530,000"
2009-10-31,"522,000"
2009-11-07,"512,000"
2009-11-14,"507,000"
2009-11-21,"482,000"
2009-11-28,"475,000"
2009-12-05,"497,000"
2009-12-12,"498,000"
2009-12-19,"479,000"
2009-12-26,"468,000"
2010-01-02,"456,000"
2010-01-09,"469,000"
2010-01-16,"507,000"
2010-01-23,"471,000"
2010-01-30,"496,000"
2010-02-06,"466,000"
2010-02-13,"489,000"
2010-02-20,"500,000"
2010-02-27,"488,000"
2010-03-06,"472,000"
2010-03-13,"478,000"
2010-03-20,"472,000"
2010-03-27,"459,000"
2010-04-03,"479,000"
2010-04-10,"479,000"
2010-04-17,"469,000"
2010-04-24,"449,000"
2010-05-01,"451,000"
2010-05-08,"451,000"
2010-05-15,"474,000"
2010-05-22,"463,000"
2010-05-29,"458,000"
2010-06-05,"459,000"
2010-06-12,"467,000"
2010-06-19,"452,000"
2010-06-26,"464,000"
2010-07-03,"454,000"
2010-07-10,"439,000"
2010-07-17,"462,000"
2010-07-24,"465,000"
2010-07-31,"476,000"
2010-08-07,"483,000"
2010-08-14,"486,000"
2010-08-21,"464,000"
2010-08-28,"467,000"
2010-09-04,"452,000"
2010-09-11,"444,000"
2010-09-18,"459,000"
2010-09-25,"459,000"
2010-10-02,"446,000"
2010-10-09,"459,000"
2010-10-16,"444,000"
2010-10-23,"432,000"
2010-10-30,"453,000"
2010-11-06,"434,000"
2010-11-13,"432,000"
2010-11-20,"407,000"
2010-11-27,"432,000"
2010-12-04,"428,000"
2010-12-11,"425,000"
2010-12-18,"424,000"
2010-12-25,"404,000"
2011-01-01,"413,000"
2011-01-08,"434,000"
2011-01-15,"421,000"
2011-01-22,"446,000"
2011-01-29,"420,000"
2011-02-05,"402,000"
2011-02-12,"425,000"
2011-02-19,"394,000"
2011-02-26,"385,000"
2011-03-05,"414,000"
2011-03-12,"404,000"
2011-03-19,"407,000"
2011-03-26,"399,000"
2011-04-02,"395,000"
2011-04-09,"416,000"
2011-04-16,"402,000"
2011-04-23,"422,000"
2011-04-30,"468,000"
2011-05-07,"435,000"
2011-05-14,"414,000"
2011-05-21,"423,000"
2011-05-28,"418,000"
2011-06-04,"423,000"
2011-06-11,"413,000"
2011-06-18,"416,000"
2011-06-25,"421,000"
2011-07-02,"418,000"
2011-07-09,"408,000"
2011-07-16,"420,000"
2011-07-23,"411,000"
2011-07-30,"406,000"
2011-08-06,"405,000"
2011-08-13,"409,000"
2011-08-20,"415,000"
2011-08-27,"409,000"
2011-09-03,"414,000"
2011-09-10,"429,000"
2011-09-17,"422,000"
2011-09-24,"406,000"
2011-10-01,"405,000"
2011-10-08,"410,000"
2011-10-15,"395,000"
2011-10-22,"403,000"
2011-10-29,"399,000"
2011-11-05,"392,000"
2011-11-12,"383,000"
2011-11-19,"385,000"
2011-11-26,"397,000"
2011-12-03,"387,000"
2011-12-10,"368,000"
2011-12-17,"368,000"
2011-12-24,"386,000"
2011-12-31,"376,000"
2012-01-07,"391,000"
2012-01-14,"367,000"
2012-01-21,"381,000"
2012-01-28,"372,000"
2012-02-04,"368,000"
2012-02-11,"361,000"
2012-02-18,"359,000"
2012-02-25,"365,000"
2012-03-03,"375,000"
2012-03-10,"369,000"
2012-03-17,"368,000"
2012-03-24,"363,000"
2012-03-31,"358,000"
2012-04-07,"387,000"
2012-04-14,"381,000"
2012-04-21,"387,000"
2012-04-28,"372,000"
2012-05-05,"373,000"
2012-05-12,"369,000"
2012-05-19,"371,000"
2012-05-26,"381,000"
2012-06-02,"377,000"
2012-06-09,"383,000"
2012-06-16,"384,000"
2012-06-23,"380,000"
2012-06-30,"372,000"
2012-07-07,"360,000"
2012-07-14,"390,000"
2012-07-21,"368,000"
2012-07-28,"372,000"
2012-08-04,"371,000"
2012-08-11,"369,000"
2012-08-18,"376,000"
2012-08-25,"377,000"
2012-09-01,"371,000"
2012-09-08,"393,000"
2012-09-15,"392,000"
2012-09-22,"377,000"
2012-09-29,"376,000"
2012-10-06,"350,000"
2012-10-13,"386,000"
2012-10-20,"374,000"
2012-10-27,"364,000"
2012-11-03,"365,000"
2012-11-10,"446,000"
2012-11-17,"406,000"
2012-11-24,"388,000"
2012-12-01,"375,000"
2012-12-08,"340,000"
2012-12-15,"356,000"
2012-12-22,"362,000"
2012-12-29,"362,000"
2013-01-05,"363,000"
2013-01-12,"344,000"
2013-01-19,"339,000"
2013-01-26,"366,000"
2013-02-02,"361,000"
2013-02-09,"347,000"
2013-02-16,"362,000"
2013-02-23,"342,000"
2013-03-02,"340,000"
2013-03-09,"343,000"
2013-03-16,"343,000"
2013-03-23,"358,000"
2013-03-30,"375,000"
2013-04-06,"359,000"
2013-04-13,"356,000"
2013-04-20,"343,000"
2013-04-27,"331,000"
2013-05-04,"335,000"
2013-05-11,"360,000"
2013-05-18,"343,000"
2013-05-25,"353,000"
2013-06-01,"346,000"
2013-06-08,"337,000"
2013-06-15,"353,000"
2013-06-22,"347,000"
2013-06-29,"340,000"
2013-07-06,"351,000"
2013-07-13,"344,000"
2013-07-20,"355,000"
2013-07-27,"334,000"
2013-08-03,"339,000"
2013-08-10,"327,000"
2013-08-17,"340,000"
2013-08-24,"336,000"
2013-08-31,"325,000"
2013-09-07,"300,000"
2013-09-14,"323,000"
2013-09-21,"314,000"
2013-09-28,"319,000"
2013-10-05,"368,000"
2013-10-12,"368,000"
2013-10-19,"351,000"
2013-10-26,"347,000"
2013-11-02,"342,000"
2013-11-09,"340,000"
2013-11-16,"331,000"
2013-11-23,"316,000"
2013-11-30,"312,000"
2013-12-07,"354,000"
2013-12-14,"364,000"
2013-12-21,"334,000"
2013-12-28,"332,000"
2014-01-04,"322,000"
2014-01-11,"318,000"
2014-01-18,"327,000"
2014-01-25,"340,000"
2014-02-01,"331,000"
2014-02-08,"337,000"
2014-02-15,"332,000"
2014-02-22,"341,000"
2014-03-01,"319,000"
2014-03-08,"322,000"
2014-03-15,"321,000"
2014-03-22,"313,000"
2014-03-29,"330,000"
2014-04-05,"311,000"
2014-04-12,"308,000"
2014-04-19,"327,000"
2014-04-26,"345,000"
2014-05-03,"325,000"
2014-05-10,"303,000"
2014-05-17,"324,000"
2014-05-24,"305,000"
2014-05-31,"312,000"
2014-06-07,"317,000"
2014-06-14,"314,000"
2014-06-21,"315,000"
2014-06-28,"308,000"
2014-07-05,"302,000"
2014-07-12,"308,000"
2014-07-19,"294,000"
2014-07-26,"303,000"
2014-08-02,"295,000"
2014-08-09,"309,000"
2014-08-16,"303,000"
2014-08-23,"300,000"
2014-08-30,"303,000"
2014-09-06,"307,000"
2014-09-13,"288,000"
2014-09-20,"295,000"
2014-09-27,"290,000"
2014-10-04,"293,000"
2014-10-11,"281,000"
2014-10-18,"290,000"
2014-10-25,"291,000"
2014-11-01,"280,000"
2014-11-08,"291,000"
2014-11-15,"293,000"
2014-11-22,"303,000"
2014-11-29,"291,000"
2014-12-06,"291,000"
2014-12-13,"286,000"
2014-12-20,"276,000"
2014-12-27,"285,000"
2015-01-03,"294,000"
2015-01-10,"304,000"
2015-01-17,"298,000"
2015-01-24,"261,000"
2015-01-31,"281,000"
2015-02-07,"298,000"
2015-02-14,"285,000"
2015-02-21,"305,000"
2015-02-28,"317,000"
2015-03-07,"293,000"
2015-03-14,"290,000"
2015-03-21,"284,000"
2015-03-28,"269,000"
2015-04-04,"282,000"
2015-04-11,"298,000"
2015-04-18,"295,000"
2015-04-25,"269,000"
2015-05-02,"267,000"
2015-05-09,"271,000"
2015-05-16,"276,000"
2015-05-23,"281,000"
2015-05-30,"275,000"
2015-06-06,"278,000"
2015-06-13,"269,000"
2015-06-20,"273,000"
2015-06-27,"275,000"
2015-07-04,"292,000"
2015-07-11,"285,000"
2015-07-18,"265,000"
2015-07-25,"269,000"
2015-08-01,"270,000"
2015-08-08,"274,000"
2015-08-15,"279,000"
2015-08-22,"274,000"
2015-08-29,"279,000"
2015-09-05,"273,000"
2015-09-12,"264,000"
2015-09-19,"269,000"
2015-09-26,"272,000"
2015-10-03,"267,000"
2015-10-10,"265,000"
2015-10-17,"264,000"
2015-10-24,"264,000"
2015-10-31,"275,000"
2015-11-07,"276,000"
2015-11-14,"272,000"
2015-11-21,"261,000"
2015-11-28,"265,000"
2015-12-05,"280,000"
2015-12-12,"268,000"
2015-12-19,"260,000"
2015-12-26,"276,000"
2016-01-02,"273,000"
2016-01-09,"284,000"
2016-01-16,"290,000"
2016-01-23,"269,000"
2016-01-30,"281,000"
2016-02-06,"265,000"
2016-02-13,"263,000"
2016-02-20,"272,000"
2016-02-27,"269,000"
2016-03-05,"257,000"
2016-03-12,"263,000"
2016-03-19,"264,000"
2016-03-26,"273,000"
2016-04-02,"272,000"
2016-04-09,"263,000"
2016-04-16,"255,000"
2016-04-23,"259,000"
2016-04-30,"277,000"
2016-05-07,"290,000"
2016-05-14,"279,000"
2016-05-21,"268,000"
2016-05-28,"264,000"
2016-06-04,"265,000"
2016-06-11,"273,000"
2016-06-18,"261,000"
2016-06-25,"262,000"
2016-07-02,"256,000"
2016-07-09,"257,000"
2016-07-16,"260,000"
2016-07-23,"264,000"
2016-07-30,"266,000"
2016-08-06,"266,000"
2016-08-13,"265,000"
2016-08-20,"265,000"
2016-08-27,"262,000"
2016-09-03,"257,000"
2016-09-10,"253,000"
2016-09-17,"252,000"
2016-09-24,"247,000"
2016-10-01,"246,000"
2016-10-08,"251,000"
2016-10-15,"264,000"
2016-10-22,"257,000"
2016-10-29,"265,000"
2016-11-05,"251,000"
2016-11-12,"232,000"
2016-11-19,"248,000"
2016-11-26,"260,000"
2016-12-03,"252,000"
2016-12-10,"251,000"
2016-12-17,"262,000"
2016-12-24,"254,000"
2016-12-31,"236,000"
2017-01-07,"244,000"
2017-01-14,"246,000"
2017-01-21,"256,000"
2017-01-28,"241,000"
2017-02-04,"236,000"
2017-02-11,"242,000"
2017-02-18,"247,000"
2017-02-25,"232,000"
2017-03-04,"246,000"
2017-03-11,"244,000"
2017-03-18,"255,000"
2017-03-25,"256,000"
2017-04-01,"236,000"
2017-04-08,"237,000"
2017-04-15,"244,000"
2017-04-22,"251,000"
2017-04-29,"241,000"
2017-05-06,"237,000"
2017-05-13,"237,000"
2017-05-20,"234,000"
2017-05-27,"251,000"
2017-06-03,"244,000"
2017-06-10,"238,000"
2017-06-17,"243,000"
2017-06-24,"237,000"
2017-07-01,"248,000"
2017-07-08,"248,000"
2017-07-15,"241,000"
2017-07-22,"245,000"
2017-07-29,"242,000"
2017-08-05,"246,000"
2017-08-12,"236,000"
2017-08-19,"241,000"
2017-08-26,"239,000"
2017-09-02,"299,000"
2017-09-09,"275,000"
2017-09-16,"260,000"
2017-09-23,"262,000"
2017-09-30,"255,000"
2017-10-07,"246,000"
2017-10-14,"232,000"
2017-10-21,"236,000"
2017-10-28,"235,000"
2017-11-04,"240,000"
2017-11-11,"246,000"
2017-11-18,"238,000"
2017-11-25,"237,000"
2017-12-02,"235,000"
2017-12-09,"226,000"
2017-12-16,"242,000"
2017-12-23,"242,000"
2017-12-30,"243,000"
2018-01-06,"251,000"
2018-01-13,"229,000"
2018-01-20,"237,000"
2018-01-27,"221,000"
2018-02-03,"221,000"
2018-02-10,"224,000"
2018-02-17,"220,000"
2018-02-24,"215,000"
2018-03-03,"226,000"
2018-03-10,"223,000"
2018-03-17,"224,000"
2018-03-24,"220,000"
2018-03-31,"237,000"
2018-04-07,"234,000"
2018-04-14,"235,000"
2018-04-21,"207,000"
2018-04-28,"212,000"
2018-05-05,"210,000"
2018-05-12,"224,000"
2018-05-19,"230,000"
2018-05-26,"221,000"
2018-06-02,"221,000"
2018-06-09,"218,000"
2018-06-16,"220,000"
2018-06-23,"220,000"
2018-06-30,"228,000"
2018-07-07,"215,000"
2018-07-14,"212,000"
2018-07-21,"220,000"
2018-07-28,"218,000"
2018-08-04,"218,000"
2018-08-11,"213,000"
2018-08-18,"216,000"
2018-08-25,"214,000"
2018-09-01,"210,000"
2018-09-08,"211,000"
2018-09-15,"213,000"
2018-09-22,"212,000"
2018-09-29,"217,000"
2018-10-06,"213,000"
2018-10-13,"213,000"
2018-10-20,"219,000"
2018-10-27,"217,000"
2018-11-03,"217,000"
2018-11-10,"218,000"
2018-11-17,"222,000"
2018-11-24,"232,000"
2018-12-01,"232,000"
2018-12-08,"203,000"
2018-12-15,"216,000"
2018-12-22,"219,000"
2018-12-29,"228,000"
2019-01-05,"220,000"
2019-01-12,"216,000"
2019-01-19,"209,000"
2019-01-26,"236,000"
2019-02-02,"230,000"
2019-02-09,"228,000"
2019-02-16,"218,000"
2019-02-23,"224,000"
2019-03-02,"220,000"
2019-03-09,"224,000"
2019-03-16,"219,000"
2019-03-23,"215,000"
2019-03-30,"211,000"
2019-04-06,"203,000"
2019-04-13,"203,000"
2019-04-20,"226,000"
2019-04-27,"230,000"
2019-05-04,"225,000"
2019-05-11,"217,000"
2019-05-18,"213,000"
2019-05-25,"218,000"
2019-06-01,"220,000"
2019-06-08,"220,000"
2019-06-15,"219,000"
2019-06-22,"224,000"
2019-06-29,"222,000"
2019-07-06,"211,000"
2019-07-13,"217,000"
2019-07-20,"211,000"
2019-07-27,"216,000"
2019-08-03,"214,000"
2019-08-10,"218,000"
2019-08-17,"215,000"
2019-08-24,"215,000"
2019-08-31,"219,000"
2019-09-07,"208,000"
2019-09-14,"211,000"
2019-09-21,"215,000"
2019-09-28,"218,000"
2019-10-05,"212,000"
2019-10-12,"218,000"
2019-10-19,"213,000"
2019-10-26,"217,000"
2019-11-02,"212,000"
2019-11-09,"222,000"
2019-11-16,"223,000"
2019-11-23,"211,000"
2019-11-30,"206,000"
2019-12-07,"237,000"
2019-12-14,"229,000"
2019-12-21,"218,000"
2019-12-28,"220,000"
2020-01-04,"212,000"
2020-01-11,"207,000"
2020-01-18,"220,000"
2020-01-25,"212,000"
2020-02-01,"201,000"
2020-02-08,"204,000"
2020-02-15,"215,000"
2020-02-22,"220,000"
2020-02-29,"217,000"
2020-03-07,"211,000"
2020-03-14,"282,000"
2020-03-21,"3,307,000"
2020-03-28,"6,648,000"
